,Best,EW,MV,UCB
ff25_csv,8.890366321416984e+22,26176.197822100785,1.0,26322.96671325995
