,Best,EW,MV,UCB
ff25_csv,0.21525599999999998,0.5410239173745711,0.0,0.5408486903076545
