,Best,EW,MV,UCB
ff25_csv,0.25380114332186643,0.1870798355410836,0.0,0.1871067074165896
